split,reference,metric,mean_diff,ci95_diff,lower95_diff,upper95_diff,seeds
balanced_nominal,adaptive_mpc,task_success,0.02448,0.01937,0.00511,0.04385,10
balanced_nominal,adaptive_mpc,tracking_error,0.00450,0.00346,0.00104,0.00796,10
balanced_nominal,adaptive_mpc,safety_violation,0.01235,0.00417,0.00818,0.01652,10
balanced_nominal,adaptive_mpc,asymmetry_error,-0.00314,0.00075,-0.00389,-0.00240,10
balanced_nominal,adaptive_mpc,actuator_energy,0.00499,0.00311,0.00188,0.00810,10
balanced_nominal,adaptive_mpc,adaptation_regret,0.00126,0.00097,0.00029,0.00223,10
balanced_nominal,adaptive_mpc,constraint_margin,-0.00450,0.00346,-0.00796,-0.00104,10
balanced_nominal,adaptive_mpc,robust_utility,0.01661,0.01987,-0.00326,0.03648,10
balanced_nominal,control_barrier_fault_tolerant_mpc,task_success,0.03542,0.02467,0.01075,0.06008,10
balanced_nominal,control_barrier_fault_tolerant_mpc,tracking_error,-0.02826,0.00256,-0.03082,-0.02570,10
balanced_nominal,control_barrier_fault_tolerant_mpc,safety_violation,-0.04740,0.00648,-0.05388,-0.04091,10
balanced_nominal,control_barrier_fault_tolerant_mpc,asymmetry_error,-0.01029,0.00096,-0.01125,-0.00932,10
balanced_nominal,control_barrier_fault_tolerant_mpc,actuator_energy,0.09014,0.00381,0.08633,0.09395,10
balanced_nominal,control_barrier_fault_tolerant_mpc,adaptation_regret,-0.00791,0.00072,-0.00863,-0.00719,10
balanced_nominal,control_barrier_fault_tolerant_mpc,constraint_margin,0.02826,0.00256,0.02570,0.03082,10
balanced_nominal,control_barrier_fault_tolerant_mpc,robust_utility,0.06870,0.02569,0.04301,0.09439,10
balanced_nominal,domain_randomized_policy,task_success,0.01354,0.02469,-0.01115,0.03823,10
balanced_nominal,domain_randomized_policy,tracking_error,0.01284,0.00314,0.00970,0.01599,10
balanced_nominal,domain_randomized_policy,safety_violation,0.02645,0.00259,0.02386,0.02904,10
balanced_nominal,domain_randomized_policy,asymmetry_error,-0.08999,0.00138,-0.09137,-0.08861,10
balanced_nominal,domain_randomized_policy,actuator_energy,0.00230,0.00487,-0.00257,0.00718,10
balanced_nominal,domain_randomized_policy,adaptation_regret,0.00360,0.00088,0.00272,0.00447,10
balanced_nominal,domain_randomized_policy,constraint_margin,-0.01284,0.00314,-0.01599,-0.00970,10
balanced_nominal,domain_randomized_policy,robust_utility,0.01202,0.02490,-0.01288,0.03692,10
balanced_nominal,latent_asymmetry_policy_state_v4,task_success,0.00781,0.01469,-0.00688,0.02251,10
balanced_nominal,latent_asymmetry_policy_state_v4,tracking_error,0.01158,0.00252,0.00906,0.01409,10
balanced_nominal,latent_asymmetry_policy_state_v4,safety_violation,0.01663,0.00401,0.01262,0.02064,10
balanced_nominal,latent_asymmetry_policy_state_v4,asymmetry_error,0.00063,0.00033,0.00030,0.00096,10
balanced_nominal,latent_asymmetry_policy_state_v4,actuator_energy,-0.02540,0.00255,-0.02795,-0.02285,10
balanced_nominal,latent_asymmetry_policy_state_v4,adaptation_regret,0.00324,0.00070,0.00254,0.00395,10
balanced_nominal,latent_asymmetry_policy_state_v4,constraint_margin,-0.01158,0.00252,-0.01409,-0.00906,10
balanced_nominal,latent_asymmetry_policy_state_v4,robust_utility,-0.00443,0.01572,-0.02015,0.01129,10
balanced_nominal,nominal_policy,task_success,-0.01094,0.01784,-0.02878,0.00690,10
balanced_nominal,nominal_policy,tracking_error,0.02894,0.00288,0.02606,0.03182,10
balanced_nominal,nominal_policy,safety_violation,0.04514,0.00447,0.04068,0.04961,10
balanced_nominal,nominal_policy,asymmetry_error,-0.10043,0.00143,-0.10186,-0.09900,10
balanced_nominal,nominal_policy,actuator_energy,-0.03271,0.00278,-0.03549,-0.02994,10
balanced_nominal,nominal_policy,adaptation_regret,0.00810,0.00081,0.00730,0.00891,10
balanced_nominal,nominal_policy,constraint_margin,-0.02882,0.00287,-0.03169,-0.02595,10
balanced_nominal,nominal_policy,robust_utility,-0.02502,0.01794,-0.04295,-0.00708,10
balanced_nominal,online_system_id,task_success,-0.00677,0.01742,-0.02419,0.01065,10
balanced_nominal,online_system_id,tracking_error,0.01953,0.00349,0.01604,0.02301,10
balanced_nominal,online_system_id,safety_violation,0.03110,0.00396,0.02714,0.03506,10
balanced_nominal,online_system_id,asymmetry_error,-0.00660,0.00069,-0.00729,-0.00591,10
balanced_nominal,online_system_id,actuator_energy,-0.02072,0.00581,-0.02653,-0.01491,10
balanced_nominal,online_system_id,adaptation_regret,0.00547,0.00098,0.00449,0.00644,10
balanced_nominal,online_system_id,constraint_margin,-0.01953,0.00349,-0.02301,-0.01604,10
balanced_nominal,online_system_id,robust_utility,-0.02905,0.01887,-0.04792,-0.01018,10
balanced_nominal,oracle_asymmetry_state,task_success,-0.02917,0.02031,-0.04948,-0.00885,10
balanced_nominal,oracle_asymmetry_state,tracking_error,-0.00241,0.00295,-0.00536,0.00054,10
balanced_nominal,oracle_asymmetry_state,safety_violation,-0.02050,0.00360,-0.02409,-0.01690,10
balanced_nominal,oracle_asymmetry_state,asymmetry_error,-0.00304,0.00049,-0.00353,-0.00255,10
balanced_nominal,oracle_asymmetry_state,actuator_energy,-0.00142,0.00387,-0.00529,0.00245,10
balanced_nominal,oracle_asymmetry_state,adaptation_regret,-0.06632,0.00125,-0.06757,-0.06508,10
balanced_nominal,oracle_asymmetry_state,constraint_margin,0.00241,0.00295,-0.00054,0.00536,10
balanced_nominal,oracle_asymmetry_state,robust_utility,-0.01680,0.02191,-0.03871,0.00512,10
balanced_nominal,recurrent_hidden_state_policy_proxy,task_success,0.01302,0.01743,-0.00441,0.03045,10
balanced_nominal,recurrent_hidden_state_policy_proxy,tracking_error,0.01483,0.00258,0.01226,0.01741,10
balanced_nominal,recurrent_hidden_state_policy_proxy,safety_violation,0.02204,0.00335,0.01869,0.02540,10
balanced_nominal,recurrent_hidden_state_policy_proxy,asymmetry_error,-0.00271,0.00056,-0.00328,-0.00215,10
balanced_nominal,recurrent_hidden_state_policy_proxy,actuator_energy,-0.02195,0.00324,-0.02519,-0.01872,10
balanced_nominal,recurrent_hidden_state_policy_proxy,adaptation_regret,0.00415,0.00072,0.00343,0.00488,10
balanced_nominal,recurrent_hidden_state_policy_proxy,constraint_margin,-0.01483,0.00258,-0.01741,-0.01226,10
balanced_nominal,recurrent_hidden_state_policy_proxy,robust_utility,-0.00324,0.01819,-0.02143,0.01495,10
balanced_nominal,robust_l1_adaptive_control,task_success,0.03698,0.01203,0.02495,0.04900,10
balanced_nominal,robust_l1_adaptive_control,tracking_error,-0.02015,0.00216,-0.02231,-0.01799,10
balanced_nominal,robust_l1_adaptive_control,safety_violation,-0.02450,0.00490,-0.02940,-0.01959,10
balanced_nominal,robust_l1_adaptive_control,asymmetry_error,-0.00126,0.00060,-0.00185,-0.00066,10
balanced_nominal,robust_l1_adaptive_control,actuator_energy,0.06097,0.00228,0.05870,0.06325,10
balanced_nominal,robust_l1_adaptive_control,adaptation_regret,-0.00564,0.00061,-0.00625,-0.00504,10
balanced_nominal,robust_l1_adaptive_control,constraint_margin,0.02015,0.00216,0.01799,0.02231,10
balanced_nominal,robust_l1_adaptive_control,robust_utility,0.05467,0.01312,0.04155,0.06779,10
balanced_nominal,robust_tube_mpc,task_success,0.03594,0.01698,0.01896,0.05291,10
balanced_nominal,robust_tube_mpc,tracking_error,-0.01331,0.00358,-0.01689,-0.00974,10
balanced_nominal,robust_tube_mpc,safety_violation,-0.01151,0.00452,-0.01604,-0.00699,10
balanced_nominal,robust_tube_mpc,asymmetry_error,-0.03518,0.00112,-0.03630,-0.03406,10
balanced_nominal,robust_tube_mpc,actuator_energy,0.05790,0.00475,0.05315,0.06265,10
balanced_nominal,robust_tube_mpc,adaptation_regret,-0.00373,0.00100,-0.00473,-0.00273,10
balanced_nominal,robust_tube_mpc,constraint_margin,0.01332,0.00358,0.00974,0.01689,10
balanced_nominal,robust_tube_mpc,robust_utility,0.05113,0.01692,0.03422,0.06805,10
balanced_nominal,scalar_gain_calibration,task_success,0.00417,0.01844,-0.01427,0.02260,10
balanced_nominal,scalar_gain_calibration,tracking_error,0.02059,0.00253,0.01806,0.02312,10
balanced_nominal,scalar_gain_calibration,safety_violation,0.03676,0.00471,0.03204,0.04147,10
balanced_nominal,scalar_gain_calibration,asymmetry_error,-0.02102,0.00112,-0.02214,-0.01990,10
balanced_nominal,scalar_gain_calibration,actuator_energy,-0.01602,0.00392,-0.01994,-0.01211,10
balanced_nominal,scalar_gain_calibration,adaptation_regret,0.00577,0.00071,0.00506,0.00647,10
balanced_nominal,scalar_gain_calibration,constraint_margin,-0.02059,0.00253,-0.02312,-0.01806,10
balanced_nominal,scalar_gain_calibration,robust_utility,-0.01769,0.02023,-0.03792,0.00254,10
balanced_nominal,unscented_kalman_fault_observer,task_success,0.00990,0.01656,-0.00666,0.02646,10
balanced_nominal,unscented_kalman_fault_observer,tracking_error,0.01181,0.00301,0.00880,0.01482,10
balanced_nominal,unscented_kalman_fault_observer,safety_violation,0.02044,0.00370,0.01674,0.02415,10
balanced_nominal,unscented_kalman_fault_observer,asymmetry_error,-0.00310,0.00074,-0.00384,-0.00236,10
balanced_nominal,unscented_kalman_fault_observer,actuator_energy,-0.01090,0.00341,-0.01432,-0.00749,10
balanced_nominal,unscented_kalman_fault_observer,adaptation_regret,0.00331,0.00084,0.00246,0.00415,10
balanced_nominal,unscented_kalman_fault_observer,constraint_margin,-0.01181,0.00301,-0.01482,-0.00880,10
balanced_nominal,unscented_kalman_fault_observer,robust_utility,-0.00503,0.01772,-0.02275,0.01269,10
combined_hard_shift,adaptive_mpc,task_success,0.03021,0.02167,0.00854,0.05188,10
combined_hard_shift,adaptive_mpc,tracking_error,-0.01647,0.01003,-0.02649,-0.00644,10
combined_hard_shift,adaptive_mpc,safety_violation,-0.01678,0.01477,-0.03154,-0.00201,10
combined_hard_shift,adaptive_mpc,asymmetry_error,-0.02176,0.00613,-0.02789,-0.01563,10
combined_hard_shift,adaptive_mpc,actuator_energy,0.08907,0.00672,0.08235,0.09579,10
combined_hard_shift,adaptive_mpc,adaptation_regret,-0.00461,0.00281,-0.00742,-0.00180,10
combined_hard_shift,adaptive_mpc,constraint_margin,0.01647,0.01003,0.00644,0.02649,10
combined_hard_shift,adaptive_mpc,robust_utility,0.04862,0.02703,0.02160,0.07565,10
combined_hard_shift,control_barrier_fault_tolerant_mpc,task_success,0.04896,0.02110,0.02786,0.07006,10
combined_hard_shift,control_barrier_fault_tolerant_mpc,tracking_error,-0.05867,0.00775,-0.06642,-0.05091,10
combined_hard_shift,control_barrier_fault_tolerant_mpc,safety_violation,-0.07976,0.01649,-0.09625,-0.06327,10
combined_hard_shift,control_barrier_fault_tolerant_mpc,asymmetry_error,-0.06098,0.00735,-0.06834,-0.05363,10
combined_hard_shift,control_barrier_fault_tolerant_mpc,actuator_energy,0.26557,0.00832,0.25725,0.27389,10
combined_hard_shift,control_barrier_fault_tolerant_mpc,adaptation_regret,-0.01643,0.00217,-0.01860,-0.01426,10
combined_hard_shift,control_barrier_fault_tolerant_mpc,constraint_margin,0.05866,0.00775,0.05091,0.06642,10
combined_hard_shift,control_barrier_fault_tolerant_mpc,robust_utility,0.11349,0.02200,0.09149,0.13549,10
combined_hard_shift,domain_randomized_policy,task_success,0.05937,0.01846,0.04091,0.07783,10
combined_hard_shift,domain_randomized_policy,tracking_error,-0.02812,0.00926,-0.03738,-0.01886,10
combined_hard_shift,domain_randomized_policy,safety_violation,-0.02839,0.01110,-0.03949,-0.01728,10
combined_hard_shift,domain_randomized_policy,asymmetry_error,-0.34700,0.00810,-0.35510,-0.33891,10
combined_hard_shift,domain_randomized_policy,actuator_energy,0.25414,0.01024,0.24390,0.26438,10
combined_hard_shift,domain_randomized_policy,adaptation_regret,-0.00787,0.00259,-0.01046,-0.00528,10
combined_hard_shift,domain_randomized_policy,constraint_margin,0.02812,0.00926,0.01886,0.03738,10
combined_hard_shift,domain_randomized_policy,robust_utility,0.15167,0.02042,0.13125,0.17208,10
combined_hard_shift,latent_asymmetry_policy_state_v4,task_success,0.00208,0.02534,-0.02325,0.02742,10
combined_hard_shift,latent_asymmetry_policy_state_v4,tracking_error,0.01672,0.00913,0.00759,0.02584,10
combined_hard_shift,latent_asymmetry_policy_state_v4,safety_violation,0.02162,0.01236,0.00925,0.03398,10
combined_hard_shift,latent_asymmetry_policy_state_v4,asymmetry_error,0.00045,0.00388,-0.00344,0.00433,10
combined_hard_shift,latent_asymmetry_policy_state_v4,actuator_energy,-0.04884,0.00616,-0.05500,-0.04268,10
combined_hard_shift,latent_asymmetry_policy_state_v4,adaptation_regret,0.00468,0.00255,0.00213,0.00723,10
combined_hard_shift,latent_asymmetry_policy_state_v4,constraint_margin,-0.01672,0.00913,-0.02584,-0.00759,10
combined_hard_shift,latent_asymmetry_policy_state_v4,robust_utility,-0.01245,0.02905,-0.04150,0.01661,10
combined_hard_shift,nominal_policy,task_success,0.05312,0.01401,0.03911,0.06714,10
combined_hard_shift,nominal_policy,tracking_error,-0.00497,0.00771,-0.01268,0.00274,10
combined_hard_shift,nominal_policy,safety_violation,0.00426,0.01574,-0.01148,0.02000,10
combined_hard_shift,nominal_policy,asymmetry_error,-0.40548,0.00820,-0.41369,-0.39728,10
combined_hard_shift,nominal_policy,actuator_energy,0.20129,0.01110,0.19019,0.21240,10
combined_hard_shift,nominal_policy,adaptation_regret,-0.00139,0.00216,-0.00355,0.00077,10
combined_hard_shift,nominal_policy,constraint_margin,0.00537,0.00770,-0.00233,0.01307,10
combined_hard_shift,nominal_policy,robust_utility,0.13087,0.01360,0.11727,0.14447,10
combined_hard_shift,online_system_id,task_success,0.03021,0.01652,0.01369,0.04672,10
combined_hard_shift,online_system_id,tracking_error,0.00164,0.00732,-0.00568,0.00897,10
combined_hard_shift,online_system_id,safety_violation,0.00774,0.01214,-0.00441,0.01988,10
combined_hard_shift,online_system_id,asymmetry_error,-0.04577,0.00574,-0.05151,-0.04003,10
combined_hard_shift,online_system_id,actuator_energy,0.04130,0.00601,0.03529,0.04730,10
combined_hard_shift,online_system_id,adaptation_regret,0.00046,0.00205,-0.00159,0.00251,10
combined_hard_shift,online_system_id,constraint_margin,-0.00164,0.00732,-0.00897,0.00568,10
combined_hard_shift,online_system_id,robust_utility,0.03319,0.01965,0.01354,0.05284,10
combined_hard_shift,oracle_asymmetry_state,task_success,-0.05052,0.01237,-0.06289,-0.03815,10
combined_hard_shift,oracle_asymmetry_state,tracking_error,0.01483,0.00801,0.00682,0.02284,10
combined_hard_shift,oracle_asymmetry_state,safety_violation,0.00191,0.01640,-0.01448,0.01831,10
combined_hard_shift,oracle_asymmetry_state,asymmetry_error,0.00534,0.00298,0.00236,0.00831,10
combined_hard_shift,oracle_asymmetry_state,actuator_energy,-0.08738,0.00467,-0.09204,-0.08271,10
combined_hard_shift,oracle_asymmetry_state,adaptation_regret,-0.06742,0.00226,-0.06968,-0.06516,10
combined_hard_shift,oracle_asymmetry_state,constraint_margin,-0.01483,0.00801,-0.02284,-0.00682,10
combined_hard_shift,oracle_asymmetry_state,robust_utility,-0.05586,0.01179,-0.06765,-0.04408,10
combined_hard_shift,recurrent_hidden_state_policy_proxy,task_success,0.00781,0.01421,-0.00640,0.02203,10
combined_hard_shift,recurrent_hidden_state_policy_proxy,tracking_error,0.00794,0.01082,-0.00288,0.01876,10
combined_hard_shift,recurrent_hidden_state_policy_proxy,safety_violation,0.01451,0.01689,-0.00239,0.03140,10
combined_hard_shift,recurrent_hidden_state_policy_proxy,asymmetry_error,-0.03288,0.00290,-0.03579,-0.02998,10
combined_hard_shift,recurrent_hidden_state_policy_proxy,actuator_energy,-0.00893,0.00855,-0.01748,-0.00039,10
combined_hard_shift,recurrent_hidden_state_policy_proxy,adaptation_regret,0.00222,0.00303,-0.00081,0.00525,10
combined_hard_shift,recurrent_hidden_state_policy_proxy,constraint_margin,-0.00794,0.01082,-0.01876,0.00288,10
combined_hard_shift,recurrent_hidden_state_policy_proxy,robust_utility,0.00423,0.02065,-0.01642,0.02488,10
combined_hard_shift,robust_l1_adaptive_control,task_success,0.03594,0.01614,0.01980,0.05207,10
combined_hard_shift,robust_l1_adaptive_control,tracking_error,-0.03220,0.00782,-0.04002,-0.02438,10
combined_hard_shift,robust_l1_adaptive_control,safety_violation,-0.04100,0.01371,-0.05471,-0.02729,10
combined_hard_shift,robust_l1_adaptive_control,asymmetry_error,-0.02727,0.00668,-0.03395,-0.02060,10
combined_hard_shift,robust_l1_adaptive_control,actuator_energy,0.15523,0.00586,0.14938,0.16109,10
combined_hard_shift,robust_l1_adaptive_control,adaptation_regret,-0.00902,0.00219,-0.01120,-0.00683,10
combined_hard_shift,robust_l1_adaptive_control,constraint_margin,0.03220,0.00782,0.02438,0.04002,10
combined_hard_shift,robust_l1_adaptive_control,robust_utility,0.06591,0.02007,0.04583,0.08598,10
combined_hard_shift,robust_tube_mpc,task_success,0.05729,0.01227,0.04502,0.06956,10
combined_hard_shift,robust_tube_mpc,tracking_error,-0.04437,0.00774,-0.05210,-0.03663,10
combined_hard_shift,robust_tube_mpc,safety_violation,-0.04968,0.01440,-0.06409,-0.03528,10
combined_hard_shift,robust_tube_mpc,asymmetry_error,-0.13220,0.00709,-0.13928,-0.12511,10
combined_hard_shift,robust_tube_mpc,actuator_energy,0.28475,0.00551,0.27924,0.29027,10
combined_hard_shift,robust_tube_mpc,adaptation_regret,-0.01242,0.00216,-0.01459,-0.01026,10
combined_hard_shift,robust_tube_mpc,constraint_margin,0.04437,0.00774,0.03663,0.05210,10
combined_hard_shift,robust_tube_mpc,robust_utility,0.11930,0.01526,0.10405,0.13456,10
combined_hard_shift,scalar_gain_calibration,task_success,0.04687,0.02396,0.02291,0.07084,10
combined_hard_shift,scalar_gain_calibration,tracking_error,-0.01303,0.00992,-0.02295,-0.00311,10
combined_hard_shift,scalar_gain_calibration,safety_violation,-0.00383,0.01520,-0.01903,0.01137,10
combined_hard_shift,scalar_gain_calibration,asymmetry_error,-0.04982,0.00808,-0.05790,-0.04174,10
combined_hard_shift,scalar_gain_calibration,actuator_energy,0.15942,0.00865,0.15076,0.16807,10
combined_hard_shift,scalar_gain_calibration,adaptation_regret,-0.00365,0.00278,-0.00643,-0.00087,10
combined_hard_shift,scalar_gain_calibration,constraint_margin,0.01303,0.00992,0.00311,0.02295,10
combined_hard_shift,scalar_gain_calibration,robust_utility,0.07010,0.02850,0.04160,0.09860,10
combined_hard_shift,unscented_kalman_fault_observer,task_success,0.02969,0.01729,0.01240,0.04698,10
combined_hard_shift,unscented_kalman_fault_observer,tracking_error,0.00042,0.00745,-0.00703,0.00787,10
combined_hard_shift,unscented_kalman_fault_observer,safety_violation,0.00264,0.01283,-0.01019,0.01547,10
combined_hard_shift,unscented_kalman_fault_observer,asymmetry_error,-0.03613,0.00287,-0.03899,-0.03326,10
combined_hard_shift,unscented_kalman_fault_observer,actuator_energy,0.00693,0.00600,0.00093,0.01292,10
combined_hard_shift,unscented_kalman_fault_observer,adaptation_regret,0.00012,0.00208,-0.00197,0.00220,10
combined_hard_shift,unscented_kalman_fault_observer,constraint_margin,-0.00042,0.00745,-0.00787,0.00703,10
combined_hard_shift,unscented_kalman_fault_observer,robust_utility,0.03420,0.02099,0.01321,0.05518,10
deadzone_saturation_shift,adaptive_mpc,task_success,0.06823,0.01382,0.05441,0.08204,10
deadzone_saturation_shift,adaptive_mpc,tracking_error,-0.02700,0.00491,-0.03191,-0.02208,10
deadzone_saturation_shift,adaptive_mpc,safety_violation,-0.02249,0.00775,-0.03024,-0.01474,10
deadzone_saturation_shift,adaptive_mpc,asymmetry_error,0.01317,0.00577,0.00741,0.01894,10
deadzone_saturation_shift,adaptive_mpc,actuator_energy,0.13014,0.00611,0.12403,0.13625,10
deadzone_saturation_shift,adaptive_mpc,adaptation_regret,-0.00756,0.00138,-0.00894,-0.00619,10
deadzone_saturation_shift,adaptive_mpc,constraint_margin,0.02700,0.00491,0.02208,0.03191,10
deadzone_saturation_shift,adaptive_mpc,robust_utility,0.08677,0.01779,0.06899,0.10456,10
deadzone_saturation_shift,control_barrier_fault_tolerant_mpc,task_success,0.09010,0.01468,0.07543,0.10478,10
deadzone_saturation_shift,control_barrier_fault_tolerant_mpc,tracking_error,-0.07646,0.00391,-0.08037,-0.07256,10
deadzone_saturation_shift,control_barrier_fault_tolerant_mpc,safety_violation,-0.10515,0.00342,-0.10857,-0.10174,10
deadzone_saturation_shift,control_barrier_fault_tolerant_mpc,asymmetry_error,0.00985,0.00710,0.00274,0.01695,10
deadzone_saturation_shift,control_barrier_fault_tolerant_mpc,actuator_energy,0.29016,0.00356,0.28661,0.29372,10
deadzone_saturation_shift,control_barrier_fault_tolerant_mpc,adaptation_regret,-0.02141,0.00109,-0.02250,-0.02032,10
deadzone_saturation_shift,control_barrier_fault_tolerant_mpc,constraint_margin,0.07646,0.00391,0.07256,0.08037,10
deadzone_saturation_shift,control_barrier_fault_tolerant_mpc,robust_utility,0.16478,0.01645,0.14833,0.18122,10
deadzone_saturation_shift,domain_randomized_policy,task_success,0.09948,0.01081,0.08867,0.11029,10
deadzone_saturation_shift,domain_randomized_policy,tracking_error,-0.05593,0.00534,-0.06127,-0.05059,10
deadzone_saturation_shift,domain_randomized_policy,safety_violation,-0.05426,0.00974,-0.06400,-0.04451,10
deadzone_saturation_shift,domain_randomized_policy,asymmetry_error,-0.07772,0.00856,-0.08628,-0.06917,10
deadzone_saturation_shift,domain_randomized_policy,actuator_energy,0.32916,0.01010,0.31907,0.33926,10
deadzone_saturation_shift,domain_randomized_policy,adaptation_regret,-0.01566,0.00150,-0.01716,-0.01416,10
deadzone_saturation_shift,domain_randomized_policy,constraint_margin,0.05593,0.00534,0.05059,0.06127,10
deadzone_saturation_shift,domain_randomized_policy,robust_utility,0.17894,0.01438,0.16455,0.19332,10
deadzone_saturation_shift,latent_asymmetry_policy_state_v4,task_success,0.00260,0.01866,-0.01605,0.02126,10
deadzone_saturation_shift,latent_asymmetry_policy_state_v4,tracking_error,0.01387,0.00642,0.00745,0.02029,10
deadzone_saturation_shift,latent_asymmetry_policy_state_v4,safety_violation,0.01451,0.00875,0.00576,0.02326,10
deadzone_saturation_shift,latent_asymmetry_policy_state_v4,asymmetry_error,0.00002,0.00314,-0.00312,0.00316,10
deadzone_saturation_shift,latent_asymmetry_policy_state_v4,actuator_energy,-0.03652,0.00680,-0.04332,-0.02972,10
deadzone_saturation_shift,latent_asymmetry_policy_state_v4,adaptation_regret,0.00388,0.00180,0.00209,0.00568,10
deadzone_saturation_shift,latent_asymmetry_policy_state_v4,constraint_margin,-0.01387,0.00642,-0.02029,-0.00745,10
deadzone_saturation_shift,latent_asymmetry_policy_state_v4,robust_utility,-0.00722,0.02290,-0.03011,0.01568,10
deadzone_saturation_shift,nominal_policy,task_success,0.10208,0.01626,0.08582,0.11834,10
deadzone_saturation_shift,nominal_policy,tracking_error,-0.03701,0.00408,-0.04109,-0.03294,10
deadzone_saturation_shift,nominal_policy,safety_violation,-0.02303,0.00779,-0.03082,-0.01523,10
deadzone_saturation_shift,nominal_policy,asymmetry_error,-0.10113,0.00866,-0.10980,-0.09247,10
deadzone_saturation_shift,nominal_policy,actuator_energy,0.28224,0.00915,0.27309,0.29139,10
deadzone_saturation_shift,nominal_policy,adaptation_regret,-0.01036,0.00114,-0.01151,-0.00922,10
deadzone_saturation_shift,nominal_policy,constraint_margin,0.03716,0.00405,0.03311,0.04120,10
deadzone_saturation_shift,nominal_policy,robust_utility,0.16301,0.01920,0.14381,0.18221,10
deadzone_saturation_shift,online_system_id,task_success,0.05156,0.01691,0.03465,0.06847,10
deadzone_saturation_shift,online_system_id,tracking_error,-0.00938,0.00540,-0.01478,-0.00398,10
deadzone_saturation_shift,online_system_id,safety_violation,0.00692,0.00776,-0.00084,0.01468,10
deadzone_saturation_shift,online_system_id,asymmetry_error,-0.00257,0.00646,-0.00904,0.00389,10
deadzone_saturation_shift,online_system_id,actuator_energy,0.09316,0.00549,0.08766,0.09865,10
deadzone_saturation_shift,online_system_id,adaptation_regret,-0.00263,0.00151,-0.00414,-0.00111,10
deadzone_saturation_shift,online_system_id,constraint_margin,0.00938,0.00540,0.00398,0.01478,10
deadzone_saturation_shift,online_system_id,robust_utility,0.04965,0.02058,0.02907,0.07023,10
deadzone_saturation_shift,oracle_asymmetry_state,task_success,-0.04948,0.02049,-0.06997,-0.02899,10
deadzone_saturation_shift,oracle_asymmetry_state,tracking_error,0.02026,0.00358,0.01668,0.02384,10
deadzone_saturation_shift,oracle_asymmetry_state,safety_violation,0.00755,0.01009,-0.00253,0.01764,10
deadzone_saturation_shift,oracle_asymmetry_state,asymmetry_error,-0.00417,0.00427,-0.00844,0.00010,10
deadzone_saturation_shift,oracle_asymmetry_state,actuator_energy,-0.09948,0.00523,-0.10471,-0.09424,10
deadzone_saturation_shift,oracle_asymmetry_state,adaptation_regret,-0.06070,0.00122,-0.06192,-0.05948,10
deadzone_saturation_shift,oracle_asymmetry_state,constraint_margin,-0.02026,0.00358,-0.02384,-0.01668,10
deadzone_saturation_shift,oracle_asymmetry_state,robust_utility,-0.05727,0.02127,-0.07854,-0.03599,10
deadzone_saturation_shift,recurrent_hidden_state_policy_proxy,task_success,0.02708,0.01869,0.00840,0.04577,10
deadzone_saturation_shift,recurrent_hidden_state_policy_proxy,tracking_error,0.00261,0.00454,-0.00193,0.00715,10
deadzone_saturation_shift,recurrent_hidden_state_policy_proxy,safety_violation,0.01254,0.00883,0.00371,0.02137,10
deadzone_saturation_shift,recurrent_hidden_state_policy_proxy,asymmetry_error,-0.01401,0.00278,-0.01679,-0.01123,10
deadzone_saturation_shift,recurrent_hidden_state_policy_proxy,actuator_energy,0.01883,0.00613,0.01270,0.02496,10
deadzone_saturation_shift,recurrent_hidden_state_policy_proxy,adaptation_regret,0.00073,0.00127,-0.00054,0.00200,10
deadzone_saturation_shift,recurrent_hidden_state_policy_proxy,constraint_margin,-0.00261,0.00454,-0.00715,0.00193,10
deadzone_saturation_shift,recurrent_hidden_state_policy_proxy,robust_utility,0.02218,0.02351,-0.00133,0.04569,10
deadzone_saturation_shift,robust_l1_adaptive_control,task_success,0.05833,0.01906,0.03928,0.07739,10
deadzone_saturation_shift,robust_l1_adaptive_control,tracking_error,-0.04313,0.00367,-0.04680,-0.03945,10
deadzone_saturation_shift,robust_l1_adaptive_control,safety_violation,-0.05136,0.00770,-0.05905,-0.04366,10
deadzone_saturation_shift,robust_l1_adaptive_control,asymmetry_error,-0.00437,0.00501,-0.00938,0.00064,10
deadzone_saturation_shift,robust_l1_adaptive_control,actuator_energy,0.16626,0.00360,0.16267,0.16986,10
deadzone_saturation_shift,robust_l1_adaptive_control,adaptation_regret,-0.01208,0.00103,-0.01310,-0.01105,10
deadzone_saturation_shift,robust_l1_adaptive_control,constraint_margin,0.04313,0.00367,0.03945,0.04680,10
deadzone_saturation_shift,robust_l1_adaptive_control,robust_utility,0.09473,0.02174,0.07298,0.11647,10
deadzone_saturation_shift,robust_tube_mpc,task_success,0.09167,0.01689,0.07478,0.10856,10
deadzone_saturation_shift,robust_tube_mpc,tracking_error,-0.07199,0.00408,-0.07607,-0.06791,10
deadzone_saturation_shift,robust_tube_mpc,safety_violation,-0.08488,0.01198,-0.09685,-0.07290,10
deadzone_saturation_shift,robust_tube_mpc,asymmetry_error,0.00484,0.00680,-0.00196,0.01164,10
deadzone_saturation_shift,robust_tube_mpc,actuator_energy,0.33070,0.00568,0.32503,0.33638,10
deadzone_saturation_shift,robust_tube_mpc,adaptation_regret,-0.02015,0.00114,-0.02130,-0.01901,10
deadzone_saturation_shift,robust_tube_mpc,constraint_margin,0.07199,0.00408,0.06791,0.07607,10
deadzone_saturation_shift,robust_tube_mpc,robust_utility,0.16500,0.02279,0.14222,0.18779,10
deadzone_saturation_shift,scalar_gain_calibration,task_success,0.09896,0.00847,0.09048,0.10743,10
deadzone_saturation_shift,scalar_gain_calibration,tracking_error,-0.04215,0.00340,-0.04554,-0.03875,10
deadzone_saturation_shift,scalar_gain_calibration,safety_violation,-0.03670,0.00970,-0.04640,-0.02700,10
deadzone_saturation_shift,scalar_gain_calibration,asymmetry_error,0.04634,0.00760,0.03874,0.05394,10
deadzone_saturation_shift,scalar_gain_calibration,actuator_energy,0.24940,0.00972,0.23968,0.25912,10
deadzone_saturation_shift,scalar_gain_calibration,adaptation_regret,-0.01180,0.00095,-0.01275,-0.01085,10
deadzone_saturation_shift,scalar_gain_calibration,constraint_margin,0.04214,0.00340,0.03875,0.04554,10
deadzone_saturation_shift,scalar_gain_calibration,robust_utility,0.13692,0.00976,0.12716,0.14668,10
deadzone_saturation_shift,unscented_kalman_fault_observer,task_success,0.02448,0.01625,0.00823,0.04073,10
deadzone_saturation_shift,unscented_kalman_fault_observer,tracking_error,0.00044,0.00470,-0.00426,0.00514,10
deadzone_saturation_shift,unscented_kalman_fault_observer,safety_violation,0.00988,0.00989,-0.00001,0.01977,10
deadzone_saturation_shift,unscented_kalman_fault_observer,asymmetry_error,-0.01953,0.00417,-0.02370,-0.01536,10
deadzone_saturation_shift,unscented_kalman_fault_observer,actuator_energy,0.02822,0.00471,0.02351,0.03293,10
deadzone_saturation_shift,unscented_kalman_fault_observer,adaptation_regret,0.00012,0.00132,-0.00119,0.00144,10
deadzone_saturation_shift,unscented_kalman_fault_observer,constraint_margin,-0.00044,0.00470,-0.00514,0.00426,10
deadzone_saturation_shift,unscented_kalman_fault_observer,robust_utility,0.02099,0.02030,0.00069,0.04129,10
intermittent_fault_shift,adaptive_mpc,task_success,0.06146,0.01602,0.04544,0.07748,10
intermittent_fault_shift,adaptive_mpc,tracking_error,-0.00996,0.00401,-0.01397,-0.00594,10
intermittent_fault_shift,adaptive_mpc,safety_violation,0.00108,0.00779,-0.00671,0.00887,10
intermittent_fault_shift,adaptive_mpc,asymmetry_error,-0.00100,0.00388,-0.00489,0.00288,10
intermittent_fault_shift,adaptive_mpc,actuator_energy,0.06287,0.00556,0.05731,0.06843,10
intermittent_fault_shift,adaptive_mpc,adaptation_regret,-0.00279,0.00113,-0.00391,-0.00166,10
intermittent_fault_shift,adaptive_mpc,constraint_margin,0.00996,0.00401,0.00594,0.01397,10
intermittent_fault_shift,adaptive_mpc,robust_utility,0.06398,0.01751,0.04648,0.08149,10
intermittent_fault_shift,control_barrier_fault_tolerant_mpc,task_success,0.07448,0.01839,0.05609,0.09287,10
intermittent_fault_shift,control_barrier_fault_tolerant_mpc,tracking_error,-0.04872,0.00618,-0.05490,-0.04254,10
intermittent_fault_shift,control_barrier_fault_tolerant_mpc,safety_violation,-0.06587,0.00703,-0.07290,-0.05884,10
intermittent_fault_shift,control_barrier_fault_tolerant_mpc,asymmetry_error,-0.02077,0.00570,-0.02647,-0.01507,10
intermittent_fault_shift,control_barrier_fault_tolerant_mpc,actuator_energy,0.18812,0.00538,0.18273,0.19350,10
intermittent_fault_shift,control_barrier_fault_tolerant_mpc,adaptation_regret,-0.01364,0.00173,-0.01537,-0.01191,10
intermittent_fault_shift,control_barrier_fault_tolerant_mpc,constraint_margin,0.04872,0.00618,0.04254,0.05490,10
intermittent_fault_shift,control_barrier_fault_tolerant_mpc,robust_utility,0.12446,0.02295,0.10151,0.14741,10
intermittent_fault_shift,domain_randomized_policy,task_success,0.07761,0.01677,0.06083,0.09438,10
intermittent_fault_shift,domain_randomized_policy,tracking_error,-0.00833,0.00625,-0.01457,-0.00208,10
intermittent_fault_shift,domain_randomized_policy,safety_violation,0.00911,0.01129,-0.00218,0.02040,10
intermittent_fault_shift,domain_randomized_policy,asymmetry_error,-0.21272,0.00719,-0.21991,-0.20553,10
intermittent_fault_shift,domain_randomized_policy,actuator_energy,0.14425,0.00638,0.13787,0.15063,10
intermittent_fault_shift,domain_randomized_policy,adaptation_regret,-0.00233,0.00175,-0.00408,-0.00058,10
intermittent_fault_shift,domain_randomized_policy,constraint_margin,0.00833,0.00625,0.00208,0.01457,10
intermittent_fault_shift,domain_randomized_policy,robust_utility,0.11607,0.02320,0.09287,0.13927,10
intermittent_fault_shift,latent_asymmetry_policy_state_v4,task_success,0.03021,0.01595,0.01426,0.04615,10
intermittent_fault_shift,latent_asymmetry_policy_state_v4,tracking_error,0.01070,0.00532,0.00538,0.01602,10
intermittent_fault_shift,latent_asymmetry_policy_state_v4,safety_violation,0.01946,0.00703,0.01242,0.02649,10
intermittent_fault_shift,latent_asymmetry_policy_state_v4,asymmetry_error,0.00269,0.00211,0.00059,0.00480,10
intermittent_fault_shift,latent_asymmetry_policy_state_v4,actuator_energy,-0.03107,0.00608,-0.03715,-0.02499,10
intermittent_fault_shift,latent_asymmetry_policy_state_v4,adaptation_regret,0.00299,0.00149,0.00151,0.00448,10
intermittent_fault_shift,latent_asymmetry_policy_state_v4,constraint_margin,-0.01070,0.00532,-0.01602,-0.00538,10
intermittent_fault_shift,latent_asymmetry_policy_state_v4,robust_utility,0.01762,0.01894,-0.00132,0.03656,10
intermittent_fault_shift,nominal_policy,task_success,0.06823,0.02133,0.04690,0.08956,10
intermittent_fault_shift,nominal_policy,tracking_error,0.00867,0.00693,0.00174,0.01560,10
intermittent_fault_shift,nominal_policy,safety_violation,0.03086,0.00954,0.02131,0.04040,10
intermittent_fault_shift,nominal_policy,asymmetry_error,-0.24566,0.00760,-0.25326,-0.23807,10
intermittent_fault_shift,nominal_policy,actuator_energy,0.10219,0.00456,0.09763,0.10676,10
intermittent_fault_shift,nominal_policy,adaptation_regret,0.00243,0.00194,0.00049,0.00437,10
intermittent_fault_shift,nominal_policy,constraint_margin,-0.00848,0.00693,-0.01541,-0.00155,10
intermittent_fault_shift,nominal_policy,robust_utility,0.09635,0.02817,0.06818,0.12452,10
intermittent_fault_shift,online_system_id,task_success,0.03229,0.02322,0.00908,0.05551,10
intermittent_fault_shift,online_system_id,tracking_error,0.00658,0.00448,0.00210,0.01106,10
intermittent_fault_shift,online_system_id,safety_violation,0.01985,0.01109,0.00876,0.03094,10
intermittent_fault_shift,online_system_id,asymmetry_error,-0.01053,0.00400,-0.01453,-0.00653,10
intermittent_fault_shift,online_system_id,actuator_energy,0.03418,0.00356,0.03061,0.03774,10
intermittent_fault_shift,online_system_id,adaptation_regret,0.00184,0.00125,0.00059,0.00310,10
intermittent_fault_shift,online_system_id,constraint_margin,-0.00658,0.00448,-0.01106,-0.00210,10
intermittent_fault_shift,online_system_id,robust_utility,0.02022,0.02591,-0.00569,0.04612,10
intermittent_fault_shift,oracle_asymmetry_state,task_success,-0.02969,0.01632,-0.04601,-0.01337,10
intermittent_fault_shift,oracle_asymmetry_state,tracking_error,0.00438,0.00571,-0.00133,0.01009,10
intermittent_fault_shift,oracle_asymmetry_state,safety_violation,-0.00499,0.01194,-0.01693,0.00696,10
intermittent_fault_shift,oracle_asymmetry_state,asymmetry_error,-0.00381,0.00297,-0.00678,-0.00084,10
intermittent_fault_shift,oracle_asymmetry_state,actuator_energy,-0.04699,0.00543,-0.05242,-0.04156,10
intermittent_fault_shift,oracle_asymmetry_state,adaptation_regret,-0.06647,0.00225,-0.06871,-0.06422,10
intermittent_fault_shift,oracle_asymmetry_state,constraint_margin,-0.00438,0.00571,-0.01009,0.00133,10
intermittent_fault_shift,oracle_asymmetry_state,robust_utility,-0.02670,0.02095,-0.04765,-0.00576,10
intermittent_fault_shift,recurrent_hidden_state_policy_proxy,task_success,0.03646,0.02242,0.01404,0.05888,10
intermittent_fault_shift,recurrent_hidden_state_policy_proxy,tracking_error,0.00883,0.00452,0.00431,0.01335,10
intermittent_fault_shift,recurrent_hidden_state_policy_proxy,safety_violation,0.01443,0.01051,0.00393,0.02494,10
intermittent_fault_shift,recurrent_hidden_state_policy_proxy,asymmetry_error,-0.00409,0.00312,-0.00721,-0.00097,10
intermittent_fault_shift,recurrent_hidden_state_policy_proxy,actuator_energy,0.00351,0.00724,-0.00373,0.01075,10
intermittent_fault_shift,recurrent_hidden_state_policy_proxy,adaptation_regret,0.00247,0.00126,0.00121,0.00374,10
intermittent_fault_shift,recurrent_hidden_state_policy_proxy,constraint_margin,-0.00883,0.00452,-0.01335,-0.00431,10
intermittent_fault_shift,recurrent_hidden_state_policy_proxy,robust_utility,0.02645,0.02920,-0.00275,0.05564,10
intermittent_fault_shift,robust_l1_adaptive_control,task_success,0.05729,0.01361,0.04368,0.07090,10
intermittent_fault_shift,robust_l1_adaptive_control,tracking_error,-0.02669,0.00575,-0.03244,-0.02094,10
intermittent_fault_shift,robust_l1_adaptive_control,safety_violation,-0.02602,0.01026,-0.03628,-0.01577,10
intermittent_fault_shift,robust_l1_adaptive_control,asymmetry_error,0.00052,0.00255,-0.00203,0.00307,10
intermittent_fault_shift,robust_l1_adaptive_control,actuator_energy,0.11707,0.00333,0.11375,0.12040,10
intermittent_fault_shift,robust_l1_adaptive_control,adaptation_regret,-0.00747,0.00161,-0.00908,-0.00586,10
intermittent_fault_shift,robust_l1_adaptive_control,constraint_margin,0.02669,0.00575,0.02094,0.03244,10
intermittent_fault_shift,robust_l1_adaptive_control,robust_utility,0.07478,0.01642,0.05836,0.09120,10
intermittent_fault_shift,robust_tube_mpc,task_success,0.07761,0.01879,0.05882,0.09640,10
intermittent_fault_shift,robust_tube_mpc,tracking_error,-0.03746,0.00666,-0.04412,-0.03080,10
intermittent_fault_shift,robust_tube_mpc,safety_violation,-0.04107,0.01268,-0.05375,-0.02839,10
intermittent_fault_shift,robust_tube_mpc,asymmetry_error,-0.07254,0.00503,-0.07756,-0.06751,10
intermittent_fault_shift,robust_tube_mpc,actuator_energy,0.17873,0.00497,0.17376,0.18370,10
intermittent_fault_shift,robust_tube_mpc,adaptation_regret,-0.01049,0.00186,-0.01235,-0.00863,10
intermittent_fault_shift,robust_tube_mpc,constraint_margin,0.03746,0.00666,0.03080,0.04412,10
intermittent_fault_shift,robust_tube_mpc,robust_utility,0.12415,0.02601,0.09814,0.15016,10
intermittent_fault_shift,scalar_gain_calibration,task_success,0.06094,0.02449,0.03645,0.08543,10
intermittent_fault_shift,scalar_gain_calibration,tracking_error,-0.00499,0.00570,-0.01068,0.00071,10
intermittent_fault_shift,scalar_gain_calibration,safety_violation,0.01047,0.00735,0.00312,0.01782,10
intermittent_fault_shift,scalar_gain_calibration,asymmetry_error,-0.02872,0.00482,-0.03355,-0.02390,10
intermittent_fault_shift,scalar_gain_calibration,actuator_energy,0.09179,0.00489,0.08690,0.09668,10
intermittent_fault_shift,scalar_gain_calibration,adaptation_regret,-0.00139,0.00159,-0.00299,0.00020,10
intermittent_fault_shift,scalar_gain_calibration,constraint_margin,0.00499,0.00570,-0.00071,0.01068,10
intermittent_fault_shift,scalar_gain_calibration,robust_utility,0.06624,0.02693,0.03931,0.09317,10
intermittent_fault_shift,unscented_kalman_fault_observer,task_success,0.03542,0.02091,0.01451,0.05633,10
intermittent_fault_shift,unscented_kalman_fault_observer,tracking_error,0.00198,0.00684,-0.00486,0.00882,10
intermittent_fault_shift,unscented_kalman_fault_observer,safety_violation,0.00887,0.01095,-0.00207,0.01982,10
intermittent_fault_shift,unscented_kalman_fault_observer,asymmetry_error,-0.00845,0.00221,-0.01066,-0.00623,10
intermittent_fault_shift,unscented_kalman_fault_observer,actuator_energy,0.01490,0.00608,0.00882,0.02099,10
intermittent_fault_shift,unscented_kalman_fault_observer,adaptation_regret,0.00055,0.00191,-0.00136,0.00247,10
intermittent_fault_shift,unscented_kalman_fault_observer,constraint_margin,-0.00198,0.00684,-0.00882,0.00486,10
intermittent_fault_shift,unscented_kalman_fault_observer,robust_utility,0.03049,0.02558,0.00491,0.05607,10
latency_hysteresis_shift,adaptive_mpc,task_success,0.04948,0.01938,0.03010,0.06886,10
latency_hysteresis_shift,adaptive_mpc,tracking_error,-0.00549,0.00807,-0.01355,0.00258,10
latency_hysteresis_shift,adaptive_mpc,safety_violation,0.00921,0.01204,-0.00283,0.02125,10
latency_hysteresis_shift,adaptive_mpc,asymmetry_error,-0.00909,0.00279,-0.01188,-0.00630,10
latency_hysteresis_shift,adaptive_mpc,actuator_energy,0.05566,0.00809,0.04758,0.06375,10
latency_hysteresis_shift,adaptive_mpc,adaptation_regret,-0.00154,0.00226,-0.00380,0.00072,10
latency_hysteresis_shift,adaptive_mpc,constraint_margin,0.00549,0.00807,-0.00258,0.01355,10
latency_hysteresis_shift,adaptive_mpc,robust_utility,0.04699,0.02154,0.02545,0.06853,10
latency_hysteresis_shift,control_barrier_fault_tolerant_mpc,task_success,0.06042,0.02082,0.03960,0.08124,10
latency_hysteresis_shift,control_barrier_fault_tolerant_mpc,tracking_error,-0.04601,0.00406,-0.05007,-0.04195,10
latency_hysteresis_shift,control_barrier_fault_tolerant_mpc,safety_violation,-0.05841,0.01448,-0.07289,-0.04393,10
latency_hysteresis_shift,control_barrier_fault_tolerant_mpc,asymmetry_error,-0.02847,0.00357,-0.03204,-0.02490,10
latency_hysteresis_shift,control_barrier_fault_tolerant_mpc,actuator_energy,0.17380,0.00398,0.16982,0.17779,10
latency_hysteresis_shift,control_barrier_fault_tolerant_mpc,adaptation_regret,-0.01288,0.00114,-0.01402,-0.01175,10
latency_hysteresis_shift,control_barrier_fault_tolerant_mpc,constraint_margin,0.04601,0.00406,0.04195,0.05007,10
latency_hysteresis_shift,control_barrier_fault_tolerant_mpc,robust_utility,0.10683,0.01909,0.08774,0.12591,10
latency_hysteresis_shift,domain_randomized_policy,task_success,0.05156,0.02259,0.02897,0.07416,10
latency_hysteresis_shift,domain_randomized_policy,tracking_error,-0.00850,0.00834,-0.01684,-0.00016,10
latency_hysteresis_shift,domain_randomized_policy,safety_violation,0.00943,0.01132,-0.00188,0.02075,10
latency_hysteresis_shift,domain_randomized_policy,asymmetry_error,-0.20280,0.00536,-0.20816,-0.19744,10
latency_hysteresis_shift,domain_randomized_policy,actuator_energy,0.10899,0.00698,0.10201,0.11598,10
latency_hysteresis_shift,domain_randomized_policy,adaptation_regret,-0.00238,0.00233,-0.00472,-0.00005,10
latency_hysteresis_shift,domain_randomized_policy,constraint_margin,0.00850,0.00834,0.00016,0.01684,10
latency_hysteresis_shift,domain_randomized_policy,robust_utility,0.08862,0.02176,0.06686,0.11037,10
latency_hysteresis_shift,latent_asymmetry_policy_state_v4,task_success,0.02032,0.02539,-0.00508,0.04571,10
latency_hysteresis_shift,latent_asymmetry_policy_state_v4,tracking_error,0.00987,0.00706,0.00281,0.01692,10
latency_hysteresis_shift,latent_asymmetry_policy_state_v4,safety_violation,0.02026,0.01245,0.00781,0.03270,10
latency_hysteresis_shift,latent_asymmetry_policy_state_v4,asymmetry_error,0.00138,0.00270,-0.00132,0.00407,10
latency_hysteresis_shift,latent_asymmetry_policy_state_v4,actuator_energy,-0.03649,0.00655,-0.04304,-0.02994,10
latency_hysteresis_shift,latent_asymmetry_policy_state_v4,adaptation_regret,0.00276,0.00198,0.00078,0.00474,10
latency_hysteresis_shift,latent_asymmetry_policy_state_v4,constraint_margin,-0.00986,0.00706,-0.01692,-0.00281,10
latency_hysteresis_shift,latent_asymmetry_policy_state_v4,robust_utility,0.00843,0.02236,-0.01394,0.03079,10
latency_hysteresis_shift,nominal_policy,task_success,0.04219,0.02234,0.01985,0.06452,10
latency_hysteresis_shift,nominal_policy,tracking_error,0.00724,0.00861,-0.00137,0.01585,10
latency_hysteresis_shift,nominal_policy,safety_violation,0.03211,0.01107,0.02104,0.04317,10
latency_hysteresis_shift,nominal_policy,asymmetry_error,-0.23138,0.00539,-0.23677,-0.22599,10
latency_hysteresis_shift,nominal_policy,actuator_energy,0.06219,0.00546,0.05674,0.06765,10
latency_hysteresis_shift,nominal_policy,adaptation_regret,0.00203,0.00241,-0.00038,0.00444,10
latency_hysteresis_shift,nominal_policy,constraint_margin,-0.00701,0.00860,-0.01561,0.00158,10
latency_hysteresis_shift,nominal_policy,robust_utility,0.06805,0.02927,0.03878,0.09732,10
latency_hysteresis_shift,online_system_id,task_success,0.02448,0.02578,-0.00130,0.05026,10
latency_hysteresis_shift,online_system_id,tracking_error,0.00476,0.00586,-0.00110,0.01063,10
latency_hysteresis_shift,online_system_id,safety_violation,0.01695,0.01003,0.00691,0.02698,10
latency_hysteresis_shift,online_system_id,asymmetry_error,-0.01722,0.00313,-0.02035,-0.01410,10
latency_hysteresis_shift,online_system_id,actuator_energy,0.02597,0.00511,0.02085,0.03108,10
latency_hysteresis_shift,online_system_id,adaptation_regret,0.00133,0.00164,-0.00031,0.00298,10
latency_hysteresis_shift,online_system_id,constraint_margin,-0.00476,0.00586,-0.01063,0.00110,10
latency_hysteresis_shift,online_system_id,robust_utility,0.01639,0.02726,-0.01088,0.04365,10
latency_hysteresis_shift,oracle_asymmetry_state,task_success,-0.03958,0.02815,-0.06773,-0.01143,10
latency_hysteresis_shift,oracle_asymmetry_state,tracking_error,0.00329,0.00720,-0.00391,0.01049,10
latency_hysteresis_shift,oracle_asymmetry_state,safety_violation,-0.00716,0.00904,-0.01620,0.00188,10
latency_hysteresis_shift,oracle_asymmetry_state,asymmetry_error,-0.00201,0.00275,-0.00476,0.00074,10
latency_hysteresis_shift,oracle_asymmetry_state,actuator_energy,-0.04400,0.00683,-0.05082,-0.03717,10
latency_hysteresis_shift,oracle_asymmetry_state,adaptation_regret,-0.06757,0.00230,-0.06987,-0.06528,10
latency_hysteresis_shift,oracle_asymmetry_state,constraint_margin,-0.00329,0.00720,-0.01049,0.00391,10
latency_hysteresis_shift,oracle_asymmetry_state,robust_utility,-0.03536,0.02878,-0.06415,-0.00658,10
latency_hysteresis_shift,recurrent_hidden_state_policy_proxy,task_success,0.01615,0.02562,-0.00947,0.04177,10
latency_hysteresis_shift,recurrent_hidden_state_policy_proxy,tracking_error,0.01067,0.00574,0.00493,0.01641,10
latency_hysteresis_shift,recurrent_hidden_state_policy_proxy,safety_violation,0.01858,0.01067,0.00792,0.02925,10
latency_hysteresis_shift,recurrent_hidden_state_policy_proxy,asymmetry_error,-0.00677,0.00286,-0.00963,-0.00390,10
latency_hysteresis_shift,recurrent_hidden_state_policy_proxy,actuator_energy,-0.00341,0.00685,-0.01025,0.00344,10
latency_hysteresis_shift,recurrent_hidden_state_policy_proxy,adaptation_regret,0.00299,0.00161,0.00138,0.00459,10
latency_hysteresis_shift,recurrent_hidden_state_policy_proxy,constraint_margin,-0.01067,0.00574,-0.01641,-0.00493,10
latency_hysteresis_shift,recurrent_hidden_state_policy_proxy,robust_utility,0.00382,0.02719,-0.02337,0.03101,10
latency_hysteresis_shift,robust_l1_adaptive_control,task_success,0.05417,0.01926,0.03491,0.07343,10
latency_hysteresis_shift,robust_l1_adaptive_control,tracking_error,-0.02740,0.00316,-0.03056,-0.02424,10
latency_hysteresis_shift,robust_l1_adaptive_control,safety_violation,-0.03067,0.01348,-0.04415,-0.01719,10
latency_hysteresis_shift,robust_l1_adaptive_control,asymmetry_error,-0.00263,0.00374,-0.00636,0.00111,10
latency_hysteresis_shift,robust_l1_adaptive_control,actuator_energy,0.11484,0.00340,0.11144,0.11824,10
latency_hysteresis_shift,robust_l1_adaptive_control,adaptation_regret,-0.00767,0.00089,-0.00856,-0.00679,10
latency_hysteresis_shift,robust_l1_adaptive_control,constraint_margin,0.02740,0.00316,0.02424,0.03056,10
latency_hysteresis_shift,robust_l1_adaptive_control,robust_utility,0.07509,0.01321,0.06188,0.08831,10
latency_hysteresis_shift,robust_tube_mpc,task_success,0.06042,0.01877,0.04165,0.07919,10
latency_hysteresis_shift,robust_tube_mpc,tracking_error,-0.02740,0.00846,-0.03585,-0.01894,10
latency_hysteresis_shift,robust_tube_mpc,safety_violation,-0.02230,0.01381,-0.03611,-0.00850,10
latency_hysteresis_shift,robust_tube_mpc,asymmetry_error,-0.07697,0.00407,-0.08104,-0.07290,10
latency_hysteresis_shift,robust_tube_mpc,actuator_energy,0.16046,0.00778,0.15269,0.16824,10
latency_hysteresis_shift,robust_tube_mpc,adaptation_regret,-0.00767,0.00237,-0.01004,-0.00530,10
latency_hysteresis_shift,robust_tube_mpc,constraint_margin,0.02740,0.00846,0.01894,0.03585,10
latency_hysteresis_shift,robust_tube_mpc,robust_utility,0.09265,0.02297,0.06968,0.11562,10
latency_hysteresis_shift,scalar_gain_calibration,task_success,0.03281,0.01883,0.01399,0.05164,10
latency_hysteresis_shift,scalar_gain_calibration,tracking_error,0.00132,0.00789,-0.00657,0.00920,10
latency_hysteresis_shift,scalar_gain_calibration,safety_violation,0.01979,0.01049,0.00931,0.03028,10
latency_hysteresis_shift,scalar_gain_calibration,asymmetry_error,-0.04021,0.00468,-0.04489,-0.03553,10
latency_hysteresis_shift,scalar_gain_calibration,actuator_energy,0.06768,0.00492,0.06276,0.07260,10
latency_hysteresis_shift,scalar_gain_calibration,adaptation_regret,0.00037,0.00221,-0.00184,0.00258,10
latency_hysteresis_shift,scalar_gain_calibration,constraint_margin,-0.00132,0.00789,-0.00920,0.00657,10
latency_hysteresis_shift,scalar_gain_calibration,robust_utility,0.03203,0.02281,0.00923,0.05484,10
latency_hysteresis_shift,unscented_kalman_fault_observer,task_success,0.02448,0.02387,0.00061,0.04835,10
latency_hysteresis_shift,unscented_kalman_fault_observer,tracking_error,0.00053,0.00682,-0.00630,0.00735,10
latency_hysteresis_shift,unscented_kalman_fault_observer,safety_violation,0.00473,0.01136,-0.00663,0.01608,10
latency_hysteresis_shift,unscented_kalman_fault_observer,asymmetry_error,-0.00909,0.00202,-0.01111,-0.00708,10
latency_hysteresis_shift,unscented_kalman_fault_observer,actuator_energy,0.00456,0.00737,-0.00281,0.01193,10
latency_hysteresis_shift,unscented_kalman_fault_observer,adaptation_regret,0.00015,0.00191,-0.00176,0.00206,10
latency_hysteresis_shift,unscented_kalman_fault_observer,constraint_margin,-0.00053,0.00682,-0.00735,0.00630,10
latency_hysteresis_shift,unscented_kalman_fault_observer,robust_utility,0.02334,0.02542,-0.00208,0.04876,10
left_right_gain_shift,adaptive_mpc,task_success,0.01562,0.01851,-0.00289,0.03414,10
left_right_gain_shift,adaptive_mpc,tracking_error,0.00604,0.00475,0.00128,0.01079,10
left_right_gain_shift,adaptive_mpc,safety_violation,0.01901,0.00906,0.00995,0.02807,10
left_right_gain_shift,adaptive_mpc,asymmetry_error,-0.05416,0.00238,-0.05654,-0.05179,10
left_right_gain_shift,adaptive_mpc,actuator_energy,0.01240,0.00521,0.00719,0.01762,10
left_right_gain_shift,adaptive_mpc,adaptation_regret,0.00169,0.00133,0.00036,0.00302,10
left_right_gain_shift,adaptive_mpc,constraint_margin,-0.00604,0.00475,-0.01079,-0.00128,10
left_right_gain_shift,adaptive_mpc,robust_utility,0.01244,0.01935,-0.00691,0.03180,10
left_right_gain_shift,control_barrier_fault_tolerant_mpc,task_success,0.02135,0.01975,0.00160,0.04111,10
left_right_gain_shift,control_barrier_fault_tolerant_mpc,tracking_error,-0.03003,0.00451,-0.03454,-0.02551,10
left_right_gain_shift,control_barrier_fault_tolerant_mpc,safety_violation,-0.04596,0.00775,-0.05371,-0.03821,10
left_right_gain_shift,control_barrier_fault_tolerant_mpc,asymmetry_error,-0.10657,0.00323,-0.10980,-0.10334,10
left_right_gain_shift,control_barrier_fault_tolerant_mpc,actuator_energy,0.13598,0.00395,0.13204,0.13993,10
left_right_gain_shift,control_barrier_fault_tolerant_mpc,adaptation_regret,-0.00841,0.00126,-0.00967,-0.00714,10
left_right_gain_shift,control_barrier_fault_tolerant_mpc,constraint_margin,0.03002,0.00451,0.02551,0.03454,10
left_right_gain_shift,control_barrier_fault_tolerant_mpc,robust_utility,0.06818,0.02347,0.04471,0.09165,10
left_right_gain_shift,domain_randomized_policy,task_success,0.02031,0.01904,0.00128,0.03935,10
left_right_gain_shift,domain_randomized_policy,tracking_error,0.00659,0.00400,0.00259,0.01059,10
left_right_gain_shift,domain_randomized_policy,safety_violation,0.01334,0.01066,0.00268,0.02399,10
left_right_gain_shift,domain_randomized_policy,asymmetry_error,-0.56364,0.00659,-0.57023,-0.55706,10
left_right_gain_shift,domain_randomized_policy,actuator_energy,0.08240,0.00352,0.07888,0.08592,10
left_right_gain_shift,domain_randomized_policy,adaptation_regret,0.00185,0.00112,0.00073,0.00297,10
left_right_gain_shift,domain_randomized_policy,constraint_margin,-0.00659,0.00400,-0.01059,-0.00259,10
left_right_gain_shift,domain_randomized_policy,robust_utility,0.11163,0.02148,0.09015,0.13311,10
left_right_gain_shift,latent_asymmetry_policy_state_v4,task_success,-0.01250,0.01363,-0.02613,0.00113,10
left_right_gain_shift,latent_asymmetry_policy_state_v4,tracking_error,0.01652,0.00338,0.01313,0.01990,10
left_right_gain_shift,latent_asymmetry_policy_state_v4,safety_violation,0.02281,0.00860,0.01421,0.03141,10
left_right_gain_shift,latent_asymmetry_policy_state_v4,asymmetry_error,-0.00240,0.00174,-0.00414,-0.00066,10
left_right_gain_shift,latent_asymmetry_policy_state_v4,actuator_energy,-0.03129,0.00484,-0.03614,-0.02645,10
left_right_gain_shift,latent_asymmetry_policy_state_v4,adaptation_regret,0.00462,0.00095,0.00368,0.00557,10
left_right_gain_shift,latent_asymmetry_policy_state_v4,constraint_margin,-0.01652,0.00338,-0.01990,-0.01313,10
left_right_gain_shift,latent_asymmetry_policy_state_v4,robust_utility,-0.02900,0.01494,-0.04394,-0.01407,10
left_right_gain_shift,nominal_policy,task_success,0.02292,0.01508,0.00783,0.03800,10
left_right_gain_shift,nominal_policy,tracking_error,0.01858,0.00302,0.01555,0.02160,10
left_right_gain_shift,nominal_policy,safety_violation,0.03356,0.00806,0.02550,0.04161,10
left_right_gain_shift,nominal_policy,asymmetry_error,-0.62287,0.00711,-0.62997,-0.61576,10
left_right_gain_shift,nominal_policy,actuator_energy,0.04027,0.00797,0.03230,0.04824,10
left_right_gain_shift,nominal_policy,adaptation_regret,0.00520,0.00085,0.00435,0.00605,10
left_right_gain_shift,nominal_policy,constraint_margin,-0.01843,0.00302,-0.02145,-0.01542,10
left_right_gain_shift,nominal_policy,robust_utility,0.11282,0.01540,0.09742,0.12822,10
left_right_gain_shift,online_system_id,task_success,0.00990,0.02044,-0.01055,0.03034,10
left_right_gain_shift,online_system_id,tracking_error,0.01633,0.00401,0.01232,0.02033,10
left_right_gain_shift,online_system_id,safety_violation,0.03051,0.00668,0.02383,0.03718,10
left_right_gain_shift,online_system_id,asymmetry_error,-0.07200,0.00172,-0.07372,-0.07027,10
left_right_gain_shift,online_system_id,actuator_energy,-0.02387,0.00619,-0.03006,-0.01768,10
left_right_gain_shift,online_system_id,adaptation_regret,0.00457,0.00112,0.00345,0.00569,10
left_right_gain_shift,online_system_id,constraint_margin,-0.01633,0.00401,-0.02033,-0.01232,10
left_right_gain_shift,online_system_id,robust_utility,0.00106,0.02259,-0.02153,0.02365,10
left_right_gain_shift,oracle_asymmetry_state,task_success,-0.05677,0.01993,-0.07670,-0.03684,10
left_right_gain_shift,oracle_asymmetry_state,tracking_error,0.00573,0.00436,0.00137,0.01009,10
left_right_gain_shift,oracle_asymmetry_state,safety_violation,-0.00581,0.00470,-0.01051,-0.00110,10
left_right_gain_shift,oracle_asymmetry_state,asymmetry_error,0.01386,0.00152,0.01234,0.01538,10
left_right_gain_shift,oracle_asymmetry_state,actuator_energy,-0.02893,0.00511,-0.03404,-0.02381,10
left_right_gain_shift,oracle_asymmetry_state,adaptation_regret,-0.06565,0.00162,-0.06727,-0.06403,10
left_right_gain_shift,oracle_asymmetry_state,constraint_margin,-0.00573,0.00436,-0.01009,-0.00137,10
left_right_gain_shift,oracle_asymmetry_state,robust_utility,-0.05674,0.01964,-0.07638,-0.03709,10
left_right_gain_shift,recurrent_hidden_state_policy_proxy,task_success,0.00208,0.01469,-0.01261,0.01677,10
left_right_gain_shift,recurrent_hidden_state_policy_proxy,tracking_error,0.01735,0.00349,0.01386,0.02083,10
left_right_gain_shift,recurrent_hidden_state_policy_proxy,safety_violation,0.02440,0.00617,0.01823,0.03058,10
left_right_gain_shift,recurrent_hidden_state_policy_proxy,asymmetry_error,-0.03242,0.00156,-0.03398,-0.03086,10
left_right_gain_shift,recurrent_hidden_state_policy_proxy,actuator_energy,-0.02729,0.00636,-0.03365,-0.02094,10
left_right_gain_shift,recurrent_hidden_state_policy_proxy,adaptation_regret,0.00486,0.00098,0.00388,0.00583,10
left_right_gain_shift,recurrent_hidden_state_policy_proxy,constraint_margin,-0.01735,0.00349,-0.02083,-0.01386,10
left_right_gain_shift,recurrent_hidden_state_policy_proxy,robust_utility,-0.01065,0.01542,-0.02607,0.00477,10
left_right_gain_shift,robust_l1_adaptive_control,task_success,0.04479,0.01576,0.02903,0.06055,10
left_right_gain_shift,robust_l1_adaptive_control,tracking_error,-0.02094,0.00347,-0.02441,-0.01747,10
left_right_gain_shift,robust_l1_adaptive_control,safety_violation,-0.02548,0.00599,-0.03148,-0.01949,10
left_right_gain_shift,robust_l1_adaptive_control,asymmetry_error,-0.01610,0.00298,-0.01908,-0.01311,10
left_right_gain_shift,robust_l1_adaptive_control,actuator_energy,0.07704,0.00540,0.07164,0.08243,10
left_right_gain_shift,robust_l1_adaptive_control,adaptation_regret,-0.00586,0.00097,-0.00683,-0.00489,10
left_right_gain_shift,robust_l1_adaptive_control,constraint_margin,0.02094,0.00347,0.01747,0.02441,10
left_right_gain_shift,robust_l1_adaptive_control,robust_utility,0.06520,0.01536,0.04984,0.08056,10
left_right_gain_shift,robust_tube_mpc,task_success,0.03854,0.01238,0.02616,0.05092,10
left_right_gain_shift,robust_tube_mpc,tracking_error,-0.01540,0.00304,-0.01844,-0.01236,10
left_right_gain_shift,robust_tube_mpc,safety_violation,-0.01365,0.00907,-0.02273,-0.00458,10
left_right_gain_shift,robust_tube_mpc,asymmetry_error,-0.26274,0.00395,-0.26669,-0.25879,10
left_right_gain_shift,robust_tube_mpc,actuator_energy,0.12218,0.00484,0.11733,0.12702,10
left_right_gain_shift,robust_tube_mpc,adaptation_regret,-0.00431,0.00085,-0.00516,-0.00346,10
left_right_gain_shift,robust_tube_mpc,constraint_margin,0.01540,0.00304,0.01236,0.01844,10
left_right_gain_shift,robust_tube_mpc,robust_utility,0.09232,0.01349,0.07883,0.10581,10
left_right_gain_shift,scalar_gain_calibration,task_success,0.02187,0.01030,0.01157,0.03217,10
left_right_gain_shift,scalar_gain_calibration,tracking_error,0.01695,0.00285,0.01410,0.01980,10
left_right_gain_shift,scalar_gain_calibration,safety_violation,0.03953,0.00664,0.03289,0.04617,10
left_right_gain_shift,scalar_gain_calibration,asymmetry_error,-0.17932,0.00344,-0.18276,-0.17588,10
left_right_gain_shift,scalar_gain_calibration,actuator_energy,0.01642,0.00618,0.01024,0.02260,10
left_right_gain_shift,scalar_gain_calibration,adaptation_regret,0.00475,0.00080,0.00395,0.00554,10
left_right_gain_shift,scalar_gain_calibration,constraint_margin,-0.01695,0.00285,-0.01980,-0.01410,10
left_right_gain_shift,scalar_gain_calibration,robust_utility,0.02745,0.01021,0.01724,0.03767,10
left_right_gain_shift,unscented_kalman_fault_observer,task_success,0.01823,0.01950,-0.00127,0.03773,10
left_right_gain_shift,unscented_kalman_fault_observer,tracking_error,0.01246,0.00479,0.00767,0.01724,10
left_right_gain_shift,unscented_kalman_fault_observer,safety_violation,0.02221,0.00728,0.01493,0.02950,10
left_right_gain_shift,unscented_kalman_fault_observer,asymmetry_error,-0.02756,0.00261,-0.03017,-0.02495,10
left_right_gain_shift,unscented_kalman_fault_observer,actuator_energy,-0.01528,0.00531,-0.02059,-0.00996,10
left_right_gain_shift,unscented_kalman_fault_observer,adaptation_regret,0.00349,0.00134,0.00215,0.00483,10
left_right_gain_shift,unscented_kalman_fault_observer,constraint_margin,-0.01246,0.00479,-0.01724,-0.00767,10
left_right_gain_shift,unscented_kalman_fault_observer,robust_utility,0.00675,0.02221,-0.01546,0.02896,10
payload_contact_shift,adaptive_mpc,task_success,0.05729,0.01807,0.03922,0.07536,10
payload_contact_shift,adaptive_mpc,tracking_error,-0.01099,0.00817,-0.01916,-0.00282,10
payload_contact_shift,adaptive_mpc,safety_violation,0.00100,0.01298,-0.01198,0.01399,10
payload_contact_shift,adaptive_mpc,asymmetry_error,-0.00343,0.00510,-0.00853,0.00167,10
payload_contact_shift,adaptive_mpc,actuator_energy,0.07209,0.00547,0.06663,0.07756,10
payload_contact_shift,adaptive_mpc,adaptation_regret,-0.00308,0.00229,-0.00537,-0.00079,10
payload_contact_shift,adaptive_mpc,constraint_margin,0.01099,0.00817,0.00282,0.01916,10
payload_contact_shift,adaptive_mpc,robust_utility,0.06016,0.02261,0.03755,0.08277,10
payload_contact_shift,control_barrier_fault_tolerant_mpc,task_success,0.05729,0.02179,0.03550,0.07908,10
payload_contact_shift,control_barrier_fault_tolerant_mpc,tracking_error,-0.04996,0.00692,-0.05688,-0.04304,10
payload_contact_shift,control_barrier_fault_tolerant_mpc,safety_violation,-0.06499,0.01091,-0.07590,-0.05408,10
payload_contact_shift,control_barrier_fault_tolerant_mpc,asymmetry_error,-0.02460,0.00686,-0.03146,-0.01773,10
payload_contact_shift,control_barrier_fault_tolerant_mpc,actuator_energy,0.20985,0.00423,0.20562,0.21409,10
payload_contact_shift,control_barrier_fault_tolerant_mpc,adaptation_regret,-0.01399,0.00194,-0.01593,-0.01205,10
payload_contact_shift,control_barrier_fault_tolerant_mpc,constraint_margin,0.04996,0.00692,0.04304,0.05688,10
payload_contact_shift,control_barrier_fault_tolerant_mpc,robust_utility,0.10642,0.02316,0.08326,0.12958,10
payload_contact_shift,domain_randomized_policy,task_success,0.06510,0.02009,0.04501,0.08519,10
payload_contact_shift,domain_randomized_policy,tracking_error,-0.01566,0.00841,-0.02408,-0.00725,10
payload_contact_shift,domain_randomized_policy,safety_violation,-0.00316,0.01433,-0.01749,0.01116,10
payload_contact_shift,domain_randomized_policy,asymmetry_error,-0.19802,0.00931,-0.20734,-0.18871,10
payload_contact_shift,domain_randomized_policy,actuator_energy,0.16874,0.01127,0.15747,0.18002,10
payload_contact_shift,domain_randomized_policy,adaptation_regret,-0.00439,0.00235,-0.00674,-0.00203,10
payload_contact_shift,domain_randomized_policy,constraint_margin,0.01566,0.00841,0.00725,0.02408,10
payload_contact_shift,domain_randomized_policy,robust_utility,0.11159,0.02324,0.08836,0.13483,10
payload_contact_shift,latent_asymmetry_policy_state_v4,task_success,0.03229,0.02261,0.00968,0.05490,10
payload_contact_shift,latent_asymmetry_policy_state_v4,tracking_error,0.01255,0.00886,0.00368,0.02141,10
payload_contact_shift,latent_asymmetry_policy_state_v4,safety_violation,0.02478,0.01654,0.00824,0.04132,10
payload_contact_shift,latent_asymmetry_policy_state_v4,asymmetry_error,0.00333,0.00276,0.00057,0.00609,10
payload_contact_shift,latent_asymmetry_policy_state_v4,actuator_energy,-0.03437,0.00731,-0.04168,-0.02706,10
payload_contact_shift,latent_asymmetry_policy_state_v4,adaptation_regret,0.00351,0.00248,0.00103,0.00599,10
payload_contact_shift,latent_asymmetry_policy_state_v4,constraint_margin,-0.01255,0.00886,-0.02141,-0.00368,10
payload_contact_shift,latent_asymmetry_policy_state_v4,robust_utility,0.01603,0.02658,-0.01055,0.04260,10
payload_contact_shift,nominal_policy,task_success,0.04687,0.01618,0.03070,0.06305,10
payload_contact_shift,nominal_policy,tracking_error,-0.00444,0.00708,-0.01151,0.00264,10
payload_contact_shift,nominal_policy,safety_violation,0.01414,0.01214,0.00200,0.02627,10
payload_contact_shift,nominal_policy,asymmetry_error,-0.22996,0.00940,-0.23936,-0.22055,10
payload_contact_shift,nominal_policy,actuator_energy,0.11452,0.01474,0.09978,0.12926,10
payload_contact_shift,nominal_policy,adaptation_regret,-0.00124,0.00198,-0.00322,0.00074,10
payload_contact_shift,nominal_policy,constraint_margin,0.00472,0.00705,-0.00233,0.01177,10
payload_contact_shift,nominal_policy,robust_utility,0.08868,0.01904,0.06964,0.10772,10
payload_contact_shift,online_system_id,task_success,0.05000,0.01962,0.03038,0.06962,10
payload_contact_shift,online_system_id,tracking_error,-0.00335,0.00617,-0.00953,0.00282,10
payload_contact_shift,online_system_id,safety_violation,0.01313,0.00985,0.00328,0.02299,10
payload_contact_shift,online_system_id,asymmetry_error,-0.01358,0.00555,-0.01913,-0.00803,10
payload_contact_shift,online_system_id,actuator_energy,0.03804,0.01011,0.02792,0.04815,10
payload_contact_shift,online_system_id,adaptation_regret,-0.00094,0.00173,-0.00267,0.00079,10
payload_contact_shift,online_system_id,constraint_margin,0.00335,0.00617,-0.00282,0.00953,10
payload_contact_shift,online_system_id,robust_utility,0.04585,0.02108,0.02477,0.06694,10
payload_contact_shift,oracle_asymmetry_state,task_success,-0.03802,0.01985,-0.05787,-0.01817,10
payload_contact_shift,oracle_asymmetry_state,tracking_error,0.01072,0.00804,0.00267,0.01876,10
payload_contact_shift,oracle_asymmetry_state,safety_violation,-0.00171,0.01256,-0.01427,0.01085,10
payload_contact_shift,oracle_asymmetry_state,asymmetry_error,0.00253,0.00328,-0.00074,0.00581,10
payload_contact_shift,oracle_asymmetry_state,actuator_energy,-0.05740,0.00693,-0.06433,-0.05048,10
payload_contact_shift,oracle_asymmetry_state,adaptation_regret,-0.06479,0.00278,-0.06757,-0.06201,10
payload_contact_shift,oracle_asymmetry_state,constraint_margin,-0.01072,0.00804,-0.01876,-0.00267,10
payload_contact_shift,oracle_asymmetry_state,robust_utility,-0.04068,0.02840,-0.06908,-0.01227,10
payload_contact_shift,recurrent_hidden_state_policy_proxy,task_success,0.03750,0.02591,0.01159,0.06341,10
payload_contact_shift,recurrent_hidden_state_policy_proxy,tracking_error,0.00656,0.00655,0.00000,0.01311,10
payload_contact_shift,recurrent_hidden_state_policy_proxy,safety_violation,0.01386,0.01028,0.00358,0.02414,10
payload_contact_shift,recurrent_hidden_state_policy_proxy,asymmetry_error,-0.00593,0.00340,-0.00933,-0.00252,10
payload_contact_shift,recurrent_hidden_state_policy_proxy,actuator_energy,-0.00203,0.00863,-0.01066,0.00660,10
payload_contact_shift,recurrent_hidden_state_policy_proxy,adaptation_regret,0.00184,0.00184,-0.00000,0.00367,10
payload_contact_shift,recurrent_hidden_state_policy_proxy,constraint_margin,-0.00656,0.00655,-0.01311,-0.00000,10
payload_contact_shift,recurrent_hidden_state_policy_proxy,robust_utility,0.02903,0.03182,-0.00279,0.06085,10
payload_contact_shift,robust_l1_adaptive_control,task_success,0.06146,0.01609,0.04537,0.07755,10
payload_contact_shift,robust_l1_adaptive_control,tracking_error,-0.03259,0.00666,-0.03925,-0.02594,10
payload_contact_shift,robust_l1_adaptive_control,safety_violation,-0.03542,0.01187,-0.04729,-0.02355,10
payload_contact_shift,robust_l1_adaptive_control,asymmetry_error,-0.00350,0.00422,-0.00772,0.00072,10
payload_contact_shift,robust_l1_adaptive_control,actuator_energy,0.12695,0.00613,0.12082,0.13308,10
payload_contact_shift,robust_l1_adaptive_control,adaptation_regret,-0.00913,0.00186,-0.01099,-0.00726,10
payload_contact_shift,robust_l1_adaptive_control,constraint_margin,0.03259,0.00666,0.02594,0.03925,10
payload_contact_shift,robust_l1_adaptive_control,robust_utility,0.08646,0.02183,0.06463,0.10829,10
payload_contact_shift,robust_tube_mpc,task_success,0.07708,0.02041,0.05668,0.09749,10
payload_contact_shift,robust_tube_mpc,tracking_error,-0.04422,0.00641,-0.05063,-0.03781,10
payload_contact_shift,robust_tube_mpc,safety_violation,-0.04890,0.01378,-0.06268,-0.03512,10
payload_contact_shift,robust_tube_mpc,asymmetry_error,-0.07103,0.00712,-0.07815,-0.06391,10
payload_contact_shift,robust_tube_mpc,actuator_energy,0.20459,0.00873,0.19586,0.21331,10
payload_contact_shift,robust_tube_mpc,adaptation_regret,-0.01238,0.00179,-0.01417,-0.01059,10
payload_contact_shift,robust_tube_mpc,constraint_margin,0.04422,0.00641,0.03781,0.05063,10
payload_contact_shift,robust_tube_mpc,robust_utility,0.13006,0.02179,0.10827,0.15184,10
payload_contact_shift,scalar_gain_calibration,task_success,0.06667,0.01977,0.04689,0.08644,10
payload_contact_shift,scalar_gain_calibration,tracking_error,-0.00941,0.00724,-0.01665,-0.00217,10
payload_contact_shift,scalar_gain_calibration,safety_violation,0.01131,0.01267,-0.00136,0.02398,10
payload_contact_shift,scalar_gain_calibration,asymmetry_error,-0.03220,0.00698,-0.03919,-0.02522,10
payload_contact_shift,scalar_gain_calibration,actuator_energy,0.10980,0.00885,0.10095,0.11865,10
payload_contact_shift,scalar_gain_calibration,adaptation_regret,-0.00264,0.00203,-0.00466,-0.00061,10
payload_contact_shift,scalar_gain_calibration,constraint_margin,0.00941,0.00724,0.00217,0.01665,10
payload_contact_shift,scalar_gain_calibration,robust_utility,0.07448,0.02584,0.04864,0.10032,10
payload_contact_shift,unscented_kalman_fault_observer,task_success,0.03021,0.01893,0.01128,0.04914,10
payload_contact_shift,unscented_kalman_fault_observer,tracking_error,-0.00372,0.00677,-0.01049,0.00305,10
payload_contact_shift,unscented_kalman_fault_observer,safety_violation,-0.00063,0.01274,-0.01337,0.01210,10
payload_contact_shift,unscented_kalman_fault_observer,asymmetry_error,-0.00618,0.00371,-0.00989,-0.00248,10
payload_contact_shift,unscented_kalman_fault_observer,actuator_energy,0.01091,0.00840,0.00251,0.01931,10
payload_contact_shift,unscented_kalman_fault_observer,adaptation_regret,-0.00104,0.00190,-0.00294,0.00085,10
payload_contact_shift,unscented_kalman_fault_observer,constraint_margin,0.00372,0.00677,-0.00305,0.01049,10
payload_contact_shift,unscented_kalman_fault_observer,robust_utility,0.03258,0.02440,0.00818,0.05698,10
thermal_drift_shift,adaptive_mpc,task_success,0.04688,0.01483,0.03204,0.06171,10
thermal_drift_shift,adaptive_mpc,tracking_error,0.00192,0.00456,-0.00264,0.00648,10
thermal_drift_shift,adaptive_mpc,safety_violation,0.01330,0.00492,0.00838,0.01822,10
thermal_drift_shift,adaptive_mpc,asymmetry_error,-0.04326,0.00318,-0.04644,-0.04008,10
thermal_drift_shift,adaptive_mpc,actuator_energy,0.03526,0.00784,0.02741,0.04310,10
thermal_drift_shift,adaptive_mpc,adaptation_regret,0.00054,0.00128,-0.00074,0.00181,10
thermal_drift_shift,adaptive_mpc,constraint_margin,-0.00192,0.00456,-0.00648,0.00264,10
thermal_drift_shift,adaptive_mpc,robust_utility,0.04619,0.01725,0.02894,0.06345,10
thermal_drift_shift,control_barrier_fault_tolerant_mpc,task_success,0.06823,0.01463,0.05360,0.08286,10
thermal_drift_shift,control_barrier_fault_tolerant_mpc,tracking_error,-0.03952,0.00314,-0.04266,-0.03638,10
thermal_drift_shift,control_barrier_fault_tolerant_mpc,safety_violation,-0.04937,0.00820,-0.05756,-0.04117,10
thermal_drift_shift,control_barrier_fault_tolerant_mpc,asymmetry_error,-0.06323,0.00243,-0.06566,-0.06080,10
thermal_drift_shift,control_barrier_fault_tolerant_mpc,actuator_energy,0.13962,0.00488,0.13474,0.14451,10
thermal_drift_shift,control_barrier_fault_tolerant_mpc,adaptation_regret,-0.01107,0.00088,-0.01194,-0.01019,10
thermal_drift_shift,control_barrier_fault_tolerant_mpc,constraint_margin,0.03952,0.00314,0.03638,0.04266,10
thermal_drift_shift,control_barrier_fault_tolerant_mpc,robust_utility,0.11549,0.01517,0.10032,0.13066,10
thermal_drift_shift,domain_randomized_policy,task_success,0.05521,0.01067,0.04453,0.06588,10
thermal_drift_shift,domain_randomized_policy,tracking_error,0.00378,0.00343,0.00035,0.00721,10
thermal_drift_shift,domain_randomized_policy,safety_violation,0.02427,0.00705,0.01722,0.03133,10
thermal_drift_shift,domain_randomized_policy,asymmetry_error,-0.19596,0.00714,-0.20310,-0.18882,10
thermal_drift_shift,domain_randomized_policy,actuator_energy,0.06547,0.00371,0.06176,0.06918,10
thermal_drift_shift,domain_randomized_policy,adaptation_regret,0.00106,0.00096,0.00010,0.00202,10
thermal_drift_shift,domain_randomized_policy,constraint_margin,-0.00378,0.00343,-0.00721,-0.00035,10
thermal_drift_shift,domain_randomized_policy,robust_utility,0.07930,0.01072,0.06858,0.09002,10
thermal_drift_shift,latent_asymmetry_policy_state_v4,task_success,0.02344,0.01100,0.01244,0.03444,10
thermal_drift_shift,latent_asymmetry_policy_state_v4,tracking_error,0.01336,0.00385,0.00951,0.01721,10
thermal_drift_shift,latent_asymmetry_policy_state_v4,safety_violation,0.02532,0.00598,0.01933,0.03130,10
thermal_drift_shift,latent_asymmetry_policy_state_v4,asymmetry_error,-0.00419,0.00165,-0.00584,-0.00255,10
thermal_drift_shift,latent_asymmetry_policy_state_v4,actuator_energy,-0.02699,0.00485,-0.03184,-0.02213,10
thermal_drift_shift,latent_asymmetry_policy_state_v4,adaptation_regret,0.00374,0.00108,0.00266,0.00482,10
thermal_drift_shift,latent_asymmetry_policy_state_v4,constraint_margin,-0.01336,0.00385,-0.01721,-0.00951,10
thermal_drift_shift,latent_asymmetry_policy_state_v4,robust_utility,0.00712,0.01213,-0.00502,0.01925,10
thermal_drift_shift,nominal_policy,task_success,0.03386,0.01612,0.01773,0.04998,10
thermal_drift_shift,nominal_policy,tracking_error,0.02023,0.00297,0.01726,0.02320,10
thermal_drift_shift,nominal_policy,safety_violation,0.04557,0.00630,0.03927,0.05188,10
thermal_drift_shift,nominal_policy,asymmetry_error,-0.20583,0.00746,-0.21329,-0.19837,10
thermal_drift_shift,nominal_policy,actuator_energy,0.02779,0.00576,0.02203,0.03355,10
thermal_drift_shift,nominal_policy,adaptation_regret,0.00566,0.00083,0.00483,0.00649,10
thermal_drift_shift,nominal_policy,constraint_margin,-0.02007,0.00298,-0.02304,-0.01709,10
thermal_drift_shift,nominal_policy,robust_utility,0.04379,0.01746,0.02633,0.06125,10
thermal_drift_shift,online_system_id,task_success,0.05469,0.01676,0.03793,0.07144,10
thermal_drift_shift,online_system_id,tracking_error,0.01030,0.00221,0.00809,0.01251,10
thermal_drift_shift,online_system_id,safety_violation,0.02908,0.00482,0.02426,0.03389,10
thermal_drift_shift,online_system_id,asymmetry_error,-0.03098,0.00215,-0.03313,-0.02882,10
thermal_drift_shift,online_system_id,actuator_energy,0.00399,0.00651,-0.00252,0.01050,10
thermal_drift_shift,online_system_id,adaptation_regret,0.00288,0.00062,0.00226,0.00350,10
thermal_drift_shift,online_system_id,constraint_margin,-0.01030,0.00221,-0.01251,-0.00809,10
thermal_drift_shift,online_system_id,robust_utility,0.04127,0.01835,0.02292,0.05962,10
thermal_drift_shift,oracle_asymmetry_state,task_success,-0.02188,0.00898,-0.03085,-0.01290,10
thermal_drift_shift,oracle_asymmetry_state,tracking_error,0.00017,0.00332,-0.00316,0.00349,10
thermal_drift_shift,oracle_asymmetry_state,safety_violation,-0.00863,0.00320,-0.01183,-0.00543,10
thermal_drift_shift,oracle_asymmetry_state,asymmetry_error,0.02830,0.00232,0.02598,0.03062,10
thermal_drift_shift,oracle_asymmetry_state,actuator_energy,-0.03913,0.00477,-0.04389,-0.03436,10
thermal_drift_shift,oracle_asymmetry_state,adaptation_regret,-0.06680,0.00139,-0.06819,-0.06541,10
thermal_drift_shift,oracle_asymmetry_state,constraint_margin,-0.00016,0.00332,-0.00349,0.00316,10
thermal_drift_shift,oracle_asymmetry_state,robust_utility,-0.02087,0.00867,-0.02955,-0.01220,10
thermal_drift_shift,recurrent_hidden_state_policy_proxy,task_success,0.01302,0.02148,-0.00846,0.03450,10
thermal_drift_shift,recurrent_hidden_state_policy_proxy,tracking_error,0.01213,0.00301,0.00912,0.01515,10
thermal_drift_shift,recurrent_hidden_state_policy_proxy,safety_violation,0.02785,0.00467,0.02318,0.03251,10
thermal_drift_shift,recurrent_hidden_state_policy_proxy,asymmetry_error,-0.01424,0.00279,-0.01703,-0.01146,10
thermal_drift_shift,recurrent_hidden_state_policy_proxy,actuator_energy,-0.01001,0.00489,-0.01490,-0.00512,10
thermal_drift_shift,recurrent_hidden_state_policy_proxy,adaptation_regret,0.00340,0.00084,0.00255,0.00424,10
thermal_drift_shift,recurrent_hidden_state_policy_proxy,constraint_margin,-0.01213,0.00301,-0.01515,-0.00912,10
thermal_drift_shift,recurrent_hidden_state_policy_proxy,robust_utility,-0.00363,0.02109,-0.02472,0.01746,10
thermal_drift_shift,robust_l1_adaptive_control,task_success,0.05104,0.01271,0.03833,0.06375,10
thermal_drift_shift,robust_l1_adaptive_control,tracking_error,-0.02389,0.00279,-0.02668,-0.02111,10
thermal_drift_shift,robust_l1_adaptive_control,safety_violation,-0.02337,0.00572,-0.02908,-0.01765,10
thermal_drift_shift,robust_l1_adaptive_control,asymmetry_error,-0.01936,0.00201,-0.02137,-0.01735,10
thermal_drift_shift,robust_l1_adaptive_control,actuator_energy,0.08931,0.00468,0.08464,0.09399,10
thermal_drift_shift,robust_l1_adaptive_control,adaptation_regret,-0.00669,0.00078,-0.00747,-0.00591,10
thermal_drift_shift,robust_l1_adaptive_control,constraint_margin,0.02390,0.00279,0.02111,0.02668,10
thermal_drift_shift,robust_l1_adaptive_control,robust_utility,0.07108,0.01475,0.05633,0.08583,10
thermal_drift_shift,robust_tube_mpc,task_success,0.05469,0.01997,0.03472,0.07466,10
thermal_drift_shift,robust_tube_mpc,tracking_error,-0.02166,0.00418,-0.02585,-0.01748,10
thermal_drift_shift,robust_tube_mpc,safety_violation,-0.01641,0.00634,-0.02275,-0.01007,10
thermal_drift_shift,robust_tube_mpc,asymmetry_error,-0.11943,0.00415,-0.12358,-0.11528,10
thermal_drift_shift,robust_tube_mpc,actuator_energy,0.11628,0.00447,0.11181,0.12075,10
thermal_drift_shift,robust_tube_mpc,adaptation_regret,-0.00607,0.00117,-0.00724,-0.00490,10
thermal_drift_shift,robust_tube_mpc,constraint_margin,0.02166,0.00418,0.01748,0.02585,10
thermal_drift_shift,robust_tube_mpc,robust_utility,0.09107,0.02007,0.07100,0.11114,10
thermal_drift_shift,scalar_gain_calibration,task_success,0.03646,0.00589,0.03057,0.04235,10
thermal_drift_shift,scalar_gain_calibration,tracking_error,0.01174,0.00224,0.00950,0.01397,10
thermal_drift_shift,scalar_gain_calibration,safety_violation,0.03514,0.00711,0.02803,0.04225,10
thermal_drift_shift,scalar_gain_calibration,asymmetry_error,-0.12216,0.00384,-0.12600,-0.11832,10
thermal_drift_shift,scalar_gain_calibration,actuator_energy,0.03190,0.00397,0.02793,0.03588,10
thermal_drift_shift,scalar_gain_calibration,adaptation_regret,0.00329,0.00063,0.00266,0.00391,10
thermal_drift_shift,scalar_gain_calibration,constraint_margin,-0.01174,0.00224,-0.01397,-0.00950,10
thermal_drift_shift,scalar_gain_calibration,robust_utility,0.03833,0.00633,0.03200,0.04466,10
thermal_drift_shift,unscented_kalman_fault_observer,task_success,0.03750,0.02113,0.01637,0.05863,10
thermal_drift_shift,unscented_kalman_fault_observer,tracking_error,0.00775,0.00320,0.00455,0.01096,10
thermal_drift_shift,unscented_kalman_fault_observer,safety_violation,0.02156,0.00724,0.01431,0.02880,10
thermal_drift_shift,unscented_kalman_fault_observer,asymmetry_error,-0.00574,0.00305,-0.00879,-0.00269,10
thermal_drift_shift,unscented_kalman_fault_observer,actuator_energy,-0.00529,0.00563,-0.01092,0.00034,10
thermal_drift_shift,unscented_kalman_fault_observer,adaptation_regret,0.00217,0.00090,0.00127,0.00307,10
thermal_drift_shift,unscented_kalman_fault_observer,constraint_margin,-0.00775,0.00320,-0.01096,-0.00455,10
thermal_drift_shift,unscented_kalman_fault_observer,robust_utility,0.02396,0.02118,0.00278,0.04514,10
